City_ID,City,Lat,Lng,Max Temp,Humidity,Cloudiness,Wind Speed,Country,Date
0,college,64.8569,-147.8028,9.21,90,100,8.23,US,1685393428
1,adrar,20.5022,-10.0711,30.95,28,68,6.6,MR,1685393429
2,usinsk,65.9939,57.5281,12.92,93,100,6.86,RU,1685393429
3,papatowai,-46.5619,169.4708,9.18,81,46,2.88,NZ,1685393429
4,margaret river,-33.95,115.0667,19.55,76,91,7.13,AU,1685393430
5,udachny,66.4167,112.4,11.92,43,97,2.17,RU,1685393430
6,waitangi,-43.9535,-176.5597,14.9,90,100,4.47,NZ,1685393430
7,flying fish cove,-10.4217,105.6791,25.82,88,100,4.63,CX,1685393431
8,edinburgh of the seven seas,-37.0676,-12.3116,17.43,86,100,14.34,SH,1685393431
9,port-aux-francais,-49.35,70.2167,6.18,95,92,12.95,TF,1685393431
10,wad rawah,15.1603,33.1397,28.29,54,92,6.41,SD,1685393431
11,hosakote,14.2769,77.1699,27.39,53,92,6.57,IN,1685393432
12,ponta delgada,37.7333,-25.6667,18.4,77,20,3.6,PT,1685393221
13,yellowknife,62.456,-114.3525,15.31,51,75,4.92,CA,1685393432
14,bethel,41.3712,-73.414,27.02,45,0,6.17,US,1685393433
15,ushuaia,-54.8,-68.3,8.81,71,20,0.0,AR,1685393433
16,zalingei,12.9096,23.4741,28.56,50,54,2.97,SD,1685393433
17,ormond-by-the-sea,29.3491,-81.0665,29.13,57,40,3.6,US,1685393433
18,happy valley-goose bay,53.3168,-60.3315,10.17,46,20,4.12,CA,1685393434
19,fonte boa,-2.4959,-66.2662,26.13,86,99,1.03,BR,1685393434
20,puerto natales,-51.7236,-72.4875,10.25,71,75,3.6,CL,1685393231
21,issa,53.8705,44.8578,11.05,89,2,3.0,RU,1685393434
22,masterton,-40.9597,175.6575,13.27,83,100,3.21,NZ,1685393435
23,souillac,-20.5167,57.5167,23.21,83,40,0.0,MU,1685393435
24,grytviken,-54.2811,-36.5092,0.3,91,95,5.27,GS,1685393435
25,puerto ayora,-0.7393,-90.3518,31.98,92,42,4.47,EC,1685393436
26,ilulissat,69.2167,-51.1,0.01,55,75,2.06,GL,1685393436
27,brookings,44.3114,-96.7984,29.47,46,0,6.69,US,1685393436
28,adamstown,-25.066,-130.1015,20.78,61,100,4.15,PN,1685393436
29,arteche,12.2645,125.4048,27.26,81,100,4.53,PH,1685393437
30,al lagowa,11.4,29.1333,26.32,63,98,0.73,SD,1685393437
31,martapura,-3.4167,114.85,25.05,100,40,0.51,ID,1685393437
32,olonkinbyen,70.9221,-8.7187,1.05,85,97,5.94,SJ,1685393437
33,san antonio de pale,-1.4014,5.6325,25.82,82,100,7.47,GQ,1685393438
34,lebu,-37.6167,-73.65,11.46,65,92,2.86,CL,1685393438
35,solnechnyy,50.7214,136.6319,7.72,66,87,2.27,RU,1685393438
36,weno,7.4515,151.8468,27.97,89,40,2.57,FM,1685393439
37,longyearbyen,78.2186,15.6401,1.91,75,75,7.72,SJ,1685393439
38,nova sintra,14.8667,-24.7167,21.35,79,99,7.46,CV,1685393439
39,panaba,21.2833,-88.2667,33.29,44,100,5.93,MX,1685393439
40,luderitz,-26.6481,15.1594,11.38,88,0,1.03,NA,1685393440
41,talnakh,69.4865,88.3972,-0.44,78,3,1.5,RU,1685393440
42,howrah,22.5892,88.3103,30.0,84,93,3.6,IN,1685393440
43,charlestown,-32.95,151.6667,11.52,77,76,1.34,AU,1685393440
44,thunder bay,48.4001,-89.3168,21.99,37,40,6.17,CA,1685393368
45,alesund,62.4723,6.1549,9.63,99,100,3.09,NO,1685393441
46,iskateley,67.6803,53.1512,7.86,88,100,2.35,RU,1685393441
47,punta arenas,-53.15,-70.9167,10.06,76,75,6.17,CL,1685393231
48,selfoss,63.9331,-20.9971,10.02,97,100,9.09,IS,1685393442
49,kapuskasing,49.4169,-82.4331,31.05,23,20,4.63,CA,1685393442
50,alice springs,-23.7,133.8833,2.75,87,17,3.12,AU,1685393442
51,chonchi,-42.6128,-73.8092,7.56,92,100,2.2,CL,1685393442
52,ketchikan,55.3422,-131.6461,11.26,58,75,5.14,US,1685393443
53,vila franca do campo,37.7167,-25.4333,18.23,85,74,2.73,PT,1685393443
54,brasileia,-11.0161,-68.7481,25.25,83,75,2.57,BR,1685393443
55,albany,42.6001,-73.9662,29.77,35,8,2.24,US,1685393227
56,fortuna,40.5982,-124.1573,13.7,94,75,6.17,US,1685393136
57,marsa alam,25.0757,34.8918,26.1,73,0,2.41,EG,1685393444
58,san patricio,28.017,-97.5169,31.97,57,67,4.0,US,1685393444
59,fort bragg,35.139,-79.006,21.32,87,100,1.54,US,1685393444
60,kyzyl-suu,42.3414,78.0056,9.25,43,0,3.79,KG,1685393445
61,philippeville,50.1957,4.5417,13.09,58,75,5.14,BE,1685393445
62,kindu,-2.95,25.95,22.33,89,41,0.59,CD,1685393445
63,rasht,37.2808,49.5832,22.05,75,76,1.0,IR,1685393446
64,stanley,54.868,-1.6985,10.01,71,0,0.51,GB,1685393446
65,morondava,-20.2833,44.2833,23.43,59,0,4.77,MG,1685393446
66,trairi,-3.2778,-39.2689,25.82,85,59,3.7,BR,1685393447
67,ozersk,55.7556,60.7028,18.51,76,100,3.34,RU,1685393447
68,uturoa,-16.7333,-151.4333,26.94,79,36,5.18,PF,1685393447
69,tromso,69.6496,18.957,5.01,81,75,5.14,NO,1685393448
70,zouerate,22.7187,-12.4521,26.15,32,100,6.24,MR,1685393448
71,afogados da ingazeira,-7.7508,-37.6392,26.52,55,84,4.71,BR,1685393448
72,banda aceh,5.5577,95.3222,26.65,79,92,5.86,ID,1685393449
73,bredasdorp,-34.5322,20.0403,15.96,97,100,8.08,ZA,1685393449
74,tiksi,71.6872,128.8694,3.1,99,59,4.44,RU,1685393449
75,neiafu,-18.65,-173.9833,27.38,83,40,4.12,TO,1685393450
76,khovd,48.0056,91.6419,8.3,38,31,1.29,MN,1685393450
77,malango,-2.9627,119.9001,18.68,98,5,0.97,ID,1685393450
78,sao gabriel da cachoeira,-0.1303,-67.0892,26.94,92,91,0.67,BR,1685393450
79,timimoun,29.2639,0.231,30.21,21,86,2.06,DZ,1685393451
80,ribeira grande,38.5167,-28.7,18.22,77,40,3.58,PT,1685393451
81,corozal,9.3151,-75.2928,27.96,81,100,5.11,CO,1685393451
82,akobo,7.4344,3.9497,23.8,92,100,1.84,NG,1685393451
83,lihue,21.9789,-159.3672,25.77,72,20,6.17,US,1685393452
84,christchurch,-43.5333,172.6333,14.11,60,100,3.6,NZ,1685393258
85,cabo san lucas,22.8909,-109.9124,32.01,47,0,4.63,MX,1685393435
86,panadura,6.7132,79.9026,26.98,86,100,2.67,LK,1685393453
87,tadmur,34.5608,38.2805,22.06,53,50,2.27,SY,1685393453
88,sobhodero,27.3046,68.3976,29.37,42,36,6.74,PK,1685393453
89,bilibino,68.0546,166.4372,0.67,75,100,5.63,RU,1685393453
90,hamilton,39.1834,-84.5333,30.24,32,0,3.09,US,1685393310
91,saint-pierre,-21.3393,55.4781,20.87,73,0,2.57,RE,1685393454
92,san andres,12.5847,-81.7006,30.01,74,20,3.09,CO,1685393454
93,qaqortoq,60.7167,-46.0333,3.08,79,14,2.08,GL,1685393454
94,atherton,53.5237,-2.4935,14.75,64,38,2.33,GB,1685393455
95,wailua homesteads,22.0669,-159.378,25.44,77,20,6.17,US,1685393455
96,flekkefjord,58.2971,6.6607,9.41,86,91,4.32,NO,1685393455
97,hackettstown,40.854,-74.8291,27.61,46,1,0.0,US,1685393208
98,iqaluit,63.7506,-68.5145,3.85,64,75,7.72,CA,1685393456
99,kalabo,-14.97,22.6814,16.43,33,10,1.53,ZM,1685393456
100,armacao de buzios,-22.7469,-41.8817,22.03,85,88,5.67,BR,1685393169
101,el abiodh sidi cheikh,32.893,0.5484,20.64,28,77,4.4,DZ,1685393456
102,west island,-12.1568,96.8225,26.99,78,40,5.14,CC,1685393457
103,sao vicente,-23.9631,-46.3919,21.1,56,100,0.45,BR,1685393457
104,egilsstadir,65.2653,-14.3948,14.95,51,0,8.75,IS,1685393457
105,moa,20.6569,-74.9403,28.89,76,43,2.51,CU,1685393458
106,ola,59.5833,151.2833,12.86,63,6,6.31,RU,1685393458
107,aasiaat,68.7098,-52.8699,-1.94,67,100,2.92,GL,1685393458
108,fort mcmurray,56.7268,-111.381,26.77,24,20,8.75,CA,1685393219
109,balakliya,49.4627,36.8595,15.86,82,100,4.25,UA,1685393459
110,arti,56.4234,58.5328,13.0,85,0,2.1,RU,1685393459
111,abu dhabi,24.4667,54.3667,31.64,70,0,1.03,AE,1685393459
112,yeniseysk,58.4497,92.1703,10.92,56,94,1.69,RU,1685393459
113,knyaze-volkonskoye,48.4642,135.4567,7.19,71,64,2.39,RU,1685393460
114,badger,64.8,-147.5333,9.17,86,100,8.23,US,1685393460
115,hermanus,-34.4187,19.2345,15.45,96,100,6.58,ZA,1685393460
116,dryden,49.7833,-92.7503,29.16,18,0,8.23,CA,1685393460
117,ust-nera,64.5667,143.2,9.8,75,75,1.47,RU,1685393461
118,whitehorse,60.7161,-135.0538,11.17,31,75,9.26,CA,1685393461
119,codrington,-38.2667,141.9667,14.26,89,100,5.41,AU,1685393461
120,cambria,35.5641,-121.0808,18.64,85,100,0.89,US,1685393462
121,enewetak,11.3474,162.3373,27.5,79,100,5.15,MH,1685393462
122,kavieng,-2.5744,150.7967,28.16,76,45,3.66,PG,1685393462
123,vadso,70.0744,29.7487,6.49,70,0,4.12,NO,1685393463
124,mount isa,-20.7333,139.5,9.87,46,41,0.0,AU,1685393464
125,haapsalu,58.9431,23.5414,8.28,63,100,1.59,EE,1685393464
126,puerto aysen,-45.4,-72.7,6.02,87,100,2.06,CL,1685393231
127,sucre,-19.0333,-65.2627,15.68,59,35,3.39,BO,1685393464
128,kitimat,54.0524,-128.6534,15.38,53,99,2.24,CA,1685393465
129,tolanaro,-25.0319,46.9987,19.93,86,1,2.63,MG,1685393465
130,port elizabeth,-33.918,25.5701,18.39,94,100,7.2,ZA,1685393467
131,kokuy,52.2037,117.5529,7.16,62,8,0.33,RU,1685393467
132,moyale,3.5167,39.0584,21.29,53,47,1.31,KE,1685393467
133,muang phonsavan,19.45,103.2167,18.93,95,39,0.62,LA,1685393467
134,colonia,50.9333,6.95,15.87,47,0,3.6,DE,1685393293
135,saynshand,44.8824,110.1163,18.46,23,100,6.67,MN,1685393468
136,port mathurin,-19.6833,63.4167,24.4,76,50,8.44,MU,1685393469
137,carnarvon,-24.8667,113.6333,21.25,71,17,2.22,AU,1685393469
138,santa elena de uairen,4.6167,-61.1333,23.01,84,100,1.5,VE,1685393469
139,sinabang,2.4803,96.3801,26.23,82,74,2.69,ID,1685393470
140,polyarnyy,69.1989,33.4478,5.63,89,88,3.86,RU,1685393470
141,alofi,-19.0595,-169.9187,25.56,83,21,9.2,NU,1685393470
142,hithadhoo,-0.6,73.0833,27.67,75,98,1.73,MV,1685393471
143,oriximina,-1.7656,-55.8661,25.93,85,98,1.43,BR,1685393471
144,hammerfest,70.6634,23.6821,4.25,81,75,9.26,NO,1685393471
145,dudinka,69.4058,86.1778,-0.21,80,6,3.03,RU,1685393471
146,blackmans bay,-43.0167,147.3167,12.51,76,100,4.88,AU,1685393472
147,thompson,55.7435,-97.8558,23.09,68,75,5.66,CA,1685393472
148,puerto santa,-8.9906,-78.6456,23.31,78,34,5.73,PE,1685393472
149,bagheria,38.0794,13.5094,20.99,78,81,1.34,IT,1685393473
150,meulaboh,4.1363,96.1285,24.53,87,93,1.62,ID,1685393473
151,georgetown,5.4112,100.3354,26.97,83,20,1.03,MY,1685393473
152,maragogi,-9.0122,-35.2225,25.08,83,71,3.15,BR,1685393475
153,arawa,-6.2132,155.5367,26.21,87,89,1.1,PG,1685393476
154,kirov,58.5966,49.6601,9.5,88,2,2.29,RU,1685393476
155,chui,-33.6971,-53.4616,10.85,71,91,2.4,UY,1685393476
156,okhotsk,59.3833,143.3,11.9,54,93,5.67,RU,1685393476
157,port alfred,-33.5906,26.891,16.77,93,100,2.24,ZA,1685393477
158,tazacorte,28.629,-17.9293,20.54,85,0,2.57,ES,1685393477
159,fale old settlement,-9.3852,-171.2468,28.44,79,100,6.68,TK,1685393478
160,invercargill,-46.4,168.35,9.51,81,78,3.96,NZ,1685393442
161,usogorsk,63.4106,48.6872,9.44,68,22,2.63,RU,1685393478
162,novyy urgal,51.0736,132.5642,5.53,84,71,1.24,RU,1685393478
163,burley,42.5357,-113.7928,24.55,32,0,2.24,US,1685393339
164,palu,-0.8917,119.8707,24.31,95,75,1.22,ID,1685393479
165,jayapura,-2.5333,140.7,23.66,86,90,1.86,ID,1685393359
166,nouadhibou,20.931,-17.0347,21.99,73,74,6.69,MR,1685393480
167,kavaratti,10.5669,72.642,30.04,70,70,3.24,IN,1685393480
168,santa rita,-7.1139,-34.9781,24.37,100,75,2.06,BR,1685393480
169,guiuan,11.0333,125.7247,29.27,75,94,9.84,PH,1685393480
170,laibin,23.7,109.2667,25.99,83,21,0.91,CN,1685393481
171,dera bugti,29.0307,69.151,24.11,51,100,4.21,PK,1685393481
172,tanah rata,4.475,101.3704,15.78,73,85,0.26,MY,1685393481
173,flin flon,54.7682,-101.865,24.91,53,100,4.12,CA,1685393481
174,shenjiamen,29.9576,122.298,20.76,98,26,2.68,CN,1685393482
175,praia da vitoria,38.7333,-27.0667,19.14,82,20,0.51,PT,1685393482
176,maputo,-25.9653,32.5892,21.79,91,100,1.07,MZ,1685393482
177,avarua,-21.2078,-159.775,22.03,88,100,3.6,CK,1685393483
178,kudahuvadhoo,2.6708,72.8944,27.79,77,31,6.14,MV,1685393483
179,sturgis,41.7992,-85.4192,30.01,17,0,2.57,US,1685393483
180,nemuro,43.3236,145.575,6.86,93,100,2.91,JP,1685393483
181,nuku'alofa,-21.1333,-175.2,26.19,83,20,6.69,TO,1685393484
182,taksimo,56.3444,114.8794,4.42,77,3,1.37,RU,1685393484
183,gebeit,21.0667,36.3167,27.03,54,29,3.48,SD,1685393484
184,sao joao da barra,-21.6403,-41.0511,22.05,76,93,5.3,BR,1685393485
185,tidjikja,18.5564,-11.4271,35.45,22,100,7.4,MR,1685393485
186,acarau,-2.8856,-40.12,26.18,83,79,5.06,BR,1685393251
187,shar,49.5886,81.0453,11.12,82,100,3.56,KZ,1685393486
188,cadale,2.7603,46.3222,27.52,77,83,8.1,SO,1685393486
189,nandu,22.8525,110.8233,25.4,91,63,0.9,CN,1685393486
190,bikenibeu village,1.3673,173.1241,29.98,74,40,1.03,KI,1685393486
191,klyuchi,52.2667,79.1667,11.33,81,72,3.57,RU,1685393487
192,sai buri,6.7013,101.6168,25.75,89,91,3.61,TH,1685393487
193,asau,46.4333,26.4,14.6,82,2,2.37,RO,1685393487
194,kili,5.6439,169.1211,27.92,77,100,4.69,MH,1685393488
195,la'ie,21.6477,-157.9253,27.98,68,16,5.36,US,1685393488
196,pont rouge,48.8833,-72.0825,20.06,37,52,2.76,CA,1685393488
197,behbahan,30.5959,50.2417,31.67,26,32,1.09,IR,1685393489
198,santiago,-33.4569,-70.6483,25.3,32,0,3.6,CL,1685393264
199,leamington,42.0549,-82.6062,29.97,41,1,1.34,CA,1685393479
200,ust'-kut,56.7938,105.7672,6.42,94,97,1.45,RU,1685393490
201,umluj,25.0213,37.2685,28.13,79,96,1.52,SA,1685393490
202,hawaiian paradise park,19.5933,-154.9731,26.52,82,100,2.57,US,1685393490
203,tura,25.5198,90.2201,24.51,65,4,1.15,IN,1685393491
204,tazovsky,67.4667,78.7,5.35,80,99,5.84,RU,1685393491
205,holualoa,19.6228,-155.9522,25.86,73,40,4.63,US,1685393338
206,penzance,50.1186,-5.5371,13.76,84,100,5.5,GB,1685393491
207,gornopravdinsk,60.05,69.9,15.29,92,96,5.01,RU,1685393492
208,ivdel',60.6911,60.4206,12.33,79,1,3.84,RU,1685393492
209,trujillo,-8.116,-79.03,24.98,73,27,5.14,PE,1685393492
210,west fargo,46.875,-96.9004,31.0,39,40,7.72,US,1685393493
211,ruma,45.0081,19.8222,16.99,80,97,1.31,RS,1685393493
212,manokwari,-0.8667,134.0833,26.49,77,39,2.44,ID,1685393493
213,urumqi,43.801,87.6005,11.53,44,0,5.0,CN,1685393494
214,semey,50.4111,80.2275,14.13,83,100,6.0,KZ,1685393494
215,keflavik,64.0049,-22.5624,9.95,100,100,12.86,IS,1685393494
216,medina de rioseco,41.8833,-5.0441,16.36,70,100,4.43,ES,1685393494
217,anadyr,64.75,177.4833,4.28,60,20,13.0,RU,1685393495
218,geraldton,-28.7667,114.6,17.23,42,100,5.66,AU,1685393495
219,isafjordur,66.0755,-23.124,8.5,86,100,9.77,IS,1685393495
220,arraial do cabo,-22.9661,-42.0278,19.98,94,75,5.14,BR,1685393495
221,vilyuchinsk,52.9306,158.4028,6.15,95,100,1.8,RU,1685393496
222,louhans,46.6667,5.1667,18.94,80,0,2.9,FR,1685393496
223,inhambane,-23.865,35.3833,21.45,83,20,3.03,MZ,1685393496
224,hansi,29.1,75.9667,24.5,66,65,2.78,IN,1685393497
225,olyokminsk,60.3736,120.4264,6.72,71,9,1.26,RU,1685393497
226,saint-philippe,-21.3585,55.7679,20.77,75,44,3.6,RE,1685393497
227,haiku-pauwela,20.9219,-156.3051,27.01,51,40,8.75,US,1685393497
228,yambio,4.5721,28.3955,20.13,97,75,1.8,SS,1685393498
229,vernon,50.2581,-119.2691,28.39,27,8,1.03,CA,1685392941
230,tsengel,49.4783,100.8894,11.26,66,100,1.38,MN,1685393498
231,kalmunai,7.4167,81.8167,26.22,80,99,1.5,LK,1685393498
232,malayer,34.2969,48.8235,18.86,54,99,1.03,IR,1685393499
233,samarinda,-0.5,117.15,22.85,100,38,1.04,ID,1685393499
234,ghat,24.9647,10.1728,31.4,9,41,3.08,LY,1685393499
235,sirte,31.2089,16.5887,21.51,68,100,11.99,LY,1685393499
236,xiaoweizhai,26.1903,107.5125,21.59,97,37,0.91,CN,1685393500
237,uvalde,29.3669,-99.767,29.62,62,75,3.09,US,1685393500
238,kodiak,57.79,-152.4072,10.73,46,100,3.09,US,1685393500
239,ouesso,1.6136,16.0517,23.23,83,80,0.85,CG,1685393500
240,paramonga,-10.6667,-77.8333,23.0,76,41,5.32,PE,1685393501
241,ust'-barguzin,53.45,108.9833,5.37,66,90,2.96,RU,1685393501
242,yuxi,24.355,102.5422,18.55,79,0,0.78,CN,1685393501
243,belmonte,-15.8631,-38.8828,23.9,83,5,3.31,BR,1685393502
244,atafu village,-8.5421,-172.5159,28.57,75,99,4.23,TK,1685393502
245,shindand,33.3029,62.1474,23.56,17,37,8.6,AF,1685393502
246,amnat charoen,15.9167,104.75,25.93,84,81,1.85,TH,1685393502
247,cooper's town,26.8667,-77.5167,27.62,63,97,1.0,BS,1685393503
248,suntar,62.1444,117.6319,7.15,86,1,0.7,RU,1685393503
249,daru,-9.0763,143.2092,25.51,86,94,6.35,PG,1685393503
250,reghin-sat,46.7833,24.7167,15.75,76,10,2.37,RO,1685393504
251,neryungri,56.6709,124.6491,5.83,81,95,0.78,RU,1685393504
252,heunghae,36.1125,129.3522,17.54,95,43,0.64,KR,1685393504
253,canicattini bagni,37.0329,15.0634,17.59,72,58,1.32,IT,1685393504
254,swakopmund,-22.6833,14.5333,13.88,76,0,2.24,NA,1685393505
255,bardai,11.65,7.2333,28.4,58,77,6.08,NG,1685393505
256,labrador city,52.9463,-66.9114,14.95,29,0,3.6,CA,1685393506
257,khoyniki,51.8911,29.9552,10.63,70,21,1.09,BY,1685393506
258,senahu,15.4,-89.8333,20.55,73,100,0.28,GT,1685393507
259,salinopolis,-0.6136,-47.3561,27.51,80,40,5.02,BR,1685393507
260,caleta de carquin,-11.0925,-77.6267,22.82,75,18,5.16,PE,1685393507
261,cajati,-24.7361,-48.1228,16.57,96,100,1.07,BR,1685393508
262,spanish springs,39.6491,-119.7074,23.73,39,0,2.57,US,1685393508
263,portage la prairie,49.9728,-98.2926,24.94,57,75,9.77,CA,1685393509
264,sokoni,-6.4333,39.55,25.92,77,17,6.02,TZ,1685393510
265,saudarkrokur,65.7461,-19.6394,11.57,82,100,8.58,IS,1685393510
266,st. john's,47.5649,-52.7093,6.55,82,100,6.69,CA,1685393511
267,walvis bay,-22.9575,14.5053,13.94,62,0,4.12,NA,1685393511
268,rioverde,21.9333,-99.9833,33.34,28,0,4.86,MX,1685393397
269,yuzhno-kurilsk,44.0306,145.8556,7.34,87,32,1.33,RU,1685393511
270,constantia,44.1833,28.65,17.61,84,100,3.94,RO,1685393512
271,lethem,3.3803,-59.7968,27.2,81,98,1.57,GY,1685393512
272,caburan,5.9181,125.6411,26.54,81,66,3.61,PH,1685393512
273,afaahiti,-17.75,-149.2833,23.93,74,5,6.13,PF,1685393512
274,namibe,-15.1961,12.1522,18.73,64,86,5.68,AO,1685393513
275,mount gambier,-37.8333,140.7667,13.13,94,100,3.44,AU,1685393513
276,prince rupert,54.3161,-130.3201,10.83,71,75,2.06,CA,1685393354
277,malvan,16.0667,73.4667,28.09,85,2,4.01,IN,1685393513
278,onega,63.9061,38.1404,7.49,69,48,3.12,RU,1685393513
279,laojunmiao,39.8333,97.7333,10.04,58,4,0.64,CN,1685393514
280,touros,-5.1989,-35.4608,26.07,80,46,4.53,BR,1685393220
281,chubek,37.6137,69.7061,22.04,23,27,0.95,TJ,1685393515
282,jamestown,42.097,-79.2353,30.29,26,0,4.63,US,1685393296
283,oelwein,42.6733,-91.9135,29.28,29,7,4.43,US,1685393516
284,page,36.9147,-111.4558,30.26,9,0,4.12,US,1685393390
285,kushiro,42.975,144.3747,8.68,95,100,0.34,JP,1685393516
286,chernyshevskiy,63.0128,112.4714,6.67,85,9,0.19,RU,1685393517
287,tra vinh,9.9347,106.3453,25.39,92,100,2.03,VN,1685393517
288,tomatlan,19.9333,-105.25,34.52,42,0,5.93,MX,1685393517
289,cedeira,43.6797,-8.0209,17.21,82,70,6.23,ES,1685393517
290,kuhmo,64.1333,29.5167,5.88,66,98,1.88,FI,1685393518
291,el granada,37.5027,-122.4694,24.13,65,100,6.69,US,1685393518
292,auki,-8.7676,160.7034,26.82,83,100,1.6,SB,1685393518
293,homer,59.6425,-151.5483,8.94,70,100,2.57,US,1685393518
294,khandud,36.9513,72.318,7.34,64,89,1.84,AF,1685393519
295,lospalos,-8.5186,127.0025,21.22,84,82,2.61,TL,1685393519
296,saipan,15.1355,145.701,27.81,78,100,8.43,MP,1685393520
297,dubbo,-32.25,148.6167,0.07,100,3,3.09,AU,1685393520
298,wellington,-41.2866,174.7756,15.81,90,75,6.69,NZ,1685393410
299,nabire,-3.3667,135.4833,24.71,90,100,1.43,ID,1685393359
300,northam,51.0333,-4.2167,15.22,76,100,6.33,GB,1685393521
301,teknaf,20.8624,92.3058,26.8,81,31,1.85,BD,1685393521
302,fagersta,60.0042,15.7932,10.25,53,29,1.88,SE,1685393522
303,gadzhiyevo,69.2551,33.3362,5.58,88,88,3.49,RU,1685393522
304,utrik,11.2278,169.8474,27.38,77,94,4.67,MH,1685393522
305,paracuru,-3.41,-39.0306,27.28,82,70,4.68,BR,1685393522
306,dolores,-36.3132,-57.6792,8.99,78,100,2.1,AR,1685393523
307,tofol,5.3248,163.0078,28.34,77,100,4.78,FM,1685393523
308,oranjemund,-28.55,16.4333,12.56,82,0,7.88,NA,1685393524
309,kangding,30.0513,101.9603,15.42,94,92,1.37,CN,1685393524
310,murrells inlet,33.551,-79.0414,25.59,82,40,5.66,US,1685393042
311,orkney,-26.9802,26.6727,14.92,39,100,3.12,ZA,1685393525
312,awjilah,29.1081,21.2869,25.58,26,7,3.28,LY,1685393525
313,colchani,-20.3,-66.9333,7.49,28,0,5.25,BO,1685393525
314,rizokarpaso,35.6,34.375,19.97,76,0,4.03,CY,1685393526
315,tindouf,27.6711,-8.1474,24.25,27,0,10.29,DZ,1685393526
316,al bayda',32.7627,21.7551,15.43,71,99,1.28,LY,1685393526
317,senatobia,34.6176,-89.9687,29.02,51,45,0.89,US,1685393526
318,port lincoln,-34.7333,135.8667,14.56,91,75,3.37,AU,1685393527
319,eyl,7.9803,49.8164,28.18,80,94,7.89,SO,1685393527
320,zhongxing,33.7039,118.6792,18.15,92,90,2.36,CN,1685393527
321,tomelilla,55.5429,13.9546,11.7,76,45,4.11,SE,1685393528
322,al 'amarah,31.8406,47.1396,33.84,22,100,6.05,IQ,1685393528
323,fortaleza,-3.7227,-38.5247,29.07,70,20,5.66,BR,1685393339
324,antsiranana,-12.2787,49.2917,24.2,81,2,4.87,MG,1685393528
325,susuman,62.7833,148.1667,7.86,67,74,1.14,RU,1685393529
326,savanna-la-mar,18.219,-78.1332,31.07,72,45,1.15,JM,1685393529
327,al bardiyah,31.7561,25.0865,19.98,75,4,1.83,LY,1685393529
328,big bend,-26.8167,31.9333,19.05,88,100,0.0,SZ,1685393328
329,staroaleyskoye,51.0061,82.0,10.28,88,96,2.79,RU,1685393530
330,fang,19.9169,99.2145,23.93,84,37,0.6,TH,1685393530
331,las animas,-39.8087,-73.2182,8.08,77,69,0.7,CL,1685393465
332,asind,25.7333,74.3333,27.06,57,99,2.92,IN,1685393531
333,sittwe,20.15,92.9,28.31,77,35,2.93,MM,1685393531
334,buala,-8.145,159.5921,27.18,83,100,2.9,SB,1685393532
335,kurumkan,54.3,110.3,7.93,69,49,1.45,RU,1685393532
336,fiambala,-27.6871,-67.6149,17.43,41,31,4.19,AR,1685393532
337,concord,37.978,-122.0311,24.77,56,0,6.17,US,1685393261
338,choibalsan,48.0667,114.5,11.96,23,100,3.86,MN,1685393533
339,jataizinho,-23.2542,-50.98,23.32,68,20,4.63,BR,1685393533
340,ancud,-41.8697,-73.8203,7.47,80,100,2.33,CL,1685393276
341,uliastay,47.7417,96.8444,4.79,91,57,1.23,MN,1685393533
342,suva,-18.1416,178.4415,24.71,94,75,1.03,FJ,1685393436
343,santa cruz,-17.8,-63.1667,19.03,72,75,4.12,BO,1685393534
344,misratah,32.3754,15.0925,20.87,72,100,10.56,LY,1685393534
345,bambui,-20.0064,-45.9769,21.45,68,88,2.83,BR,1685393535
346,mount pearl,47.5166,-52.7813,6.09,82,100,6.69,CA,1685393535
347,solleftea,63.1667,17.2667,6.26,75,25,6.1,SE,1685393535
348,undurkhaan,47.3194,110.6556,15.47,28,100,2.69,MN,1685393536
349,turochak,52.2576,87.1224,5.96,96,100,1.22,RU,1685393536
350,cole harbour,44.6724,-63.4751,13.87,50,20,8.23,CA,1685393536
351,prado,-17.3411,-39.2208,23.22,84,34,3.09,BR,1685393536
352,millerovo,48.9226,40.3967,16.06,95,100,3.69,RU,1685393537
353,hami,42.8,93.45,15.15,44,77,3.9,CN,1685393537
354,okha,53.5739,142.9478,2.62,91,100,6.21,RU,1685393538
355,la sarre,48.8002,-79.1996,23.53,32,10,1.94,CA,1685393407
356,bushehr,28.9684,50.8385,29.05,74,0,2.06,IR,1685393538
357,egirdir,37.8746,30.8504,13.6,93,100,3.24,TR,1685393539
358,sena madureira,-9.0656,-68.6569,25.72,94,51,1.33,BR,1685393539
359,torghay,49.6339,63.4981,22.58,28,75,3.85,KZ,1685393540
360,la passe,45.5549,-0.8967,24.13,67,13,7.34,FR,1685393540
361,salalah,17.0151,54.0924,29.05,84,20,1.03,OM,1685393540
362,nagqu,31.5,92.0,4.15,66,49,3.28,CN,1685393540
363,simanggang,1.2472,111.4528,23.99,94,100,0.0,MY,1685393541
364,kidal,18.4411,1.4078,36.07,14,25,10.15,ML,1685393541
365,kabare,-2.4683,28.8242,15.45,95,16,0.41,CD,1685393542
366,hauterive,46.0901,3.4459,20.42,83,0,1.93,FR,1685393542
367,ko pha ngan,9.7578,100.0291,26.11,74,100,6.72,TH,1685393542
368,zuni pueblo,35.0725,-108.8506,25.35,12,0,5.33,US,1685393542
369,suihua,46.6406,126.9969,10.75,74,5,1.83,CN,1685393543
370,strathmore,51.0501,-113.3852,27.15,23,3,2.06,CA,1685393543
371,newman,37.3138,-121.0208,26.8,43,60,3.13,US,1685393543
372,trincomalee,8.5711,81.2335,26.58,77,87,3.07,LK,1685393543
373,lamu,-2.2717,40.902,25.12,83,50,4.58,KE,1685393544
374,margherita,27.2833,95.6833,24.9,69,0,1.14,IN,1685393544
375,prainha,-1.8,-53.48,25.06,86,89,0.77,BR,1685393544
376,bodaybo,57.8506,114.1933,5.22,77,7,0.98,RU,1685393545
377,pudozh,61.8099,36.5345,6.27,79,42,1.87,RU,1685393545
378,trakai,54.6333,24.9333,17.19,83,59,1.07,LT,1685393545
379,kimbe,-5.5502,150.1429,24.19,89,97,1.74,PG,1685393546
380,kencong,-8.2833,113.3667,21.85,90,61,1.41,ID,1685393546
381,coquimbo,-29.9533,-71.3436,16.85,77,40,4.63,CL,1685393264
382,las terrenas,19.311,-69.5428,27.93,83,75,2.06,DO,1685393546
383,oropesa del mar,40.1,0.15,20.39,80,60,1.48,ES,1685393547
384,robore,-18.3333,-59.75,14.05,94,100,0.0,BO,1685393547
385,saint-joseph,-21.3667,55.6167,20.26,75,19,3.7,RE,1685393548
386,vila velha,-20.3297,-40.2925,23.97,73,75,4.12,BR,1685393548
387,iquique,-20.2208,-70.1431,20.02,74,6,3.79,CL,1685393273
388,diapaga,12.0708,1.7889,33.87,38,100,3.64,BF,1685393549
389,spartanburg,34.9496,-81.9321,25.64,51,75,2.06,US,1685393549
390,trongsa,27.5026,90.5072,12.4,93,9,1.26,BT,1685393549
391,eenhana,-17.4667,16.3333,19.74,24,73,2.94,NA,1685393549
392,saba,15.4667,-86.25,29.67,55,98,2.28,HN,1685393550
393,jinjing,24.575,118.5972,27.34,83,0,5.75,CN,1685393555
394,durres,41.3231,19.4414,17.1,82,6,0.72,AL,1685393555
395,sinjai,-5.1241,120.253,24.45,89,74,0.69,ID,1685393556
396,batouri,4.4333,14.3667,22.93,85,93,0.06,CM,1685393556
397,messkirch,47.9833,9.1167,16.64,87,9,2.85,DE,1685393557
398,mendoza,-32.8908,-68.8272,16.74,42,0,2.06,AR,1685392886
399,itoman,26.1247,127.6694,27.01,89,100,8.75,JP,1685393557
400,vorgashor,67.5833,63.95,8.3,88,100,6.02,RU,1685393557
401,mil'kovo,55.6078,37.7956,12.08,67,4,1.61,RU,1685393558
402,tremonton,41.7119,-112.1655,24.79,37,0,4.02,US,1685393558
403,san jose del guaviare,2.5729,-72.6459,30.77,61,78,0.66,CO,1685393558
404,kirensk,57.7853,108.1119,5.8,92,57,1.47,RU,1685393558
405,stoke gifford,51.5169,-2.5405,13.78,67,71,5.66,GB,1685393559
406,broken hill,-31.95,141.4333,11.31,89,6,2.12,AU,1685393559
407,boac,13.4463,121.84,28.52,78,100,5.91,PH,1685393559
408,filadelfia,39.9523,-75.1638,26.1,50,75,10.29,US,1685393419
409,kolonia town,6.964,158.206,25.0,94,100,1.54,FM,1685393560
410,rani,25.3503,73.3089,26.74,58,100,0.77,IN,1685393560
411,grand falls-windsor,48.9332,-55.6649,4.72,79,100,2.24,CA,1685393560
412,pauini,-7.7136,-66.9764,28.47,75,66,1.37,BR,1685393560
413,tevriz,57.509,72.4042,12.69,94,96,2.7,RU,1685393561
414,nar'yan-mar,67.6713,53.087,7.94,88,100,2.31,RU,1685393561
415,guane,22.2025,-84.0875,27.66,71,100,0.98,CU,1685393561
416,kingston,17.997,-76.7936,30.53,77,20,6.17,JM,1685393460
417,qarauyl,48.9451,79.255,15.04,43,100,6.5,KZ,1685393562
418,newnham,-41.3833,147.1333,12.95,95,100,7.2,AU,1685393562
419,hatta,24.1167,79.6,31.64,34,0,2.05,IN,1685393562
420,san matias,-16.3667,-58.4,22.82,77,100,0.81,BO,1685393563
421,bilajer,40.5681,50.0378,21.9,83,0,3.09,AZ,1685393563
422,puerto baquerizo moreno,-0.9,-89.6,28.55,74,40,4.12,EC,1685393563
423,petropavlovsk-kamchatsky,53.0452,158.6483,5.33,100,100,1.0,RU,1685393563
424,gurjaani,41.7429,45.8011,18.59,87,100,3.21,GE,1685393564
425,callao,-12.0667,-77.15,24.16,64,20,7.2,PE,1685393564
426,kailua-kona,19.6406,-155.9956,27.93,74,40,4.63,US,1685393564
427,dwarka,22.2394,68.9678,27.89,83,0,4.4,IN,1685393564
428,yangambi,0.8102,24.4336,21.13,96,75,0.23,CD,1685393565
429,neuhof,50.4531,9.6175,13.96,93,72,3.26,DE,1685393565
430,ust'-uda,54.1742,103.0304,9.86,52,100,2.41,RU,1685393565
431,silvan,38.1419,41.0081,15.16,89,99,1.45,TR,1685393566
432,rio rico,31.4715,-110.9765,32.8,15,0,5.66,US,1685393566
433,port said,31.2565,32.2841,20.99,78,40,3.6,EG,1685393566
434,qui nhon,13.7667,109.2333,26.35,85,75,1.94,VN,1685393566
435,mwene-ditu,-7.0,23.45,21.74,55,53,1.13,CD,1685393567
436,tobelo,1.7284,128.0095,26.39,82,47,2.12,ID,1685393428
437,minas de marcona,-15.2119,-75.1103,18.19,66,10,5.55,PE,1685393567
438,nova xavantina,-14.6667,-52.35,26.71,47,15,0.57,BR,1685393567
439,kununurra,-15.7667,128.7333,15.99,41,21,2.06,AU,1685393568
440,port-vila,-17.7338,168.3219,18.78,94,20,0.51,VU,1685393568
441,sola,-13.8833,167.55,26.38,70,58,7.33,VU,1685393568
442,ticul,20.4,-89.5333,40.28,22,91,0.48,MX,1685393569
443,watertown,42.3709,-71.1828,21.42,48,0,6.71,US,1685393274
444,nova vicosa,-17.8919,-39.3719,23.74,81,10,4.25,BR,1685393542
445,altai,46.3722,96.2583,4.38,87,71,1.38,MN,1685393571
446,trevelin,-43.0858,-71.4639,5.71,79,85,0.83,AR,1685393571
447,yamada,39.4667,141.95,13.61,94,90,2.91,JP,1685393571
448,sokcho,38.2083,128.5911,16.34,94,60,2.57,KR,1685393572
449,yinchuan,38.4681,106.2731,15.99,71,11,0.2,CN,1685393572
450,crane,31.3974,-102.3501,31.75,23,0,1.12,US,1685393572
451,gisborne,-38.6533,178.0042,13.95,89,73,2.66,NZ,1685393573
452,taltal,-25.4,-70.4833,18.38,75,26,2.7,CL,1685393301
453,kurchatov,51.6601,35.6521,15.23,80,62,2.98,RU,1685393573
454,brigantine,39.4101,-74.3646,20.67,74,0,9.26,US,1685393573
455,labuan bajo,-8.4964,119.8877,22.97,88,25,1.85,ID,1685393574
456,banjarmasin,-3.3244,114.591,25.08,94,8,0.89,ID,1685393574
457,davutlar,37.733,27.2944,21.9,83,99,1.68,TR,1685393574
458,lodja,-3.4833,23.4333,23.33,74,55,0.98,CD,1685393575
459,hasaki,35.7333,140.8333,20.12,96,100,3.63,JP,1685393575
460,likiep,9.8251,169.3107,27.2,78,100,2.73,MH,1685393576
461,nuuk,64.1835,-51.7216,3.34,65,20,4.63,GL,1685393460
462,tostado,-29.232,-61.7692,16.66,58,100,2.08,AR,1685393576
463,porangatu,-13.4408,-49.1486,29.43,34,86,0.2,BR,1685393577
464,khandyga,62.6667,135.6,11.97,46,87,1.42,RU,1685393578
465,bandar-e anzali,37.4727,49.4622,21.57,78,98,1.09,IR,1685393578
466,awantipur,33.9167,75.0167,12.96,91,100,0.06,IN,1685393578
467,glace bay,46.1969,-59.957,9.32,73,40,11.32,CA,1685393324
468,sisimiut,66.9395,-53.6735,-0.06,68,100,6.78,GL,1685393579
469,kanniyakumari,8.0833,77.5667,28.29,85,100,5.03,IN,1685393579
470,alaghsas,17.0187,8.0168,32.99,12,78,2.93,NE,1685393579
471,anguera,-12.151,-39.2453,23.94,78,51,3.64,BR,1685393580
472,lauro de freitas,-12.8944,-38.3272,28.01,69,20,3.09,BR,1685393580
473,la maddalena,41.2142,9.4083,19.03,85,90,3.88,IT,1685393580
474,midoun,33.8081,10.9923,21.92,78,84,9.54,TN,1685393580
475,zhezqazghan,47.7833,67.7667,20.45,24,54,3.53,KZ,1685393581
476,al kharj,24.155,47.3346,34.32,26,70,3.34,SA,1685393581
477,shimokizukuri,40.8061,140.3861,15.53,94,56,3.11,JP,1685393581
478,karratha,-20.7377,116.8463,18.1,45,68,5.04,AU,1685393583
479,kirakira,-10.4544,161.9205,27.8,78,94,5.04,SB,1685393583
480,xining,36.6167,101.7667,10.47,74,43,0.28,CN,1685393584
481,argo,37.6333,22.7333,18.21,76,36,0.21,GR,1685393584
482,perdoes,-21.0908,-45.0914,18.77,72,100,4.0,BR,1685393560
483,east london,-33.0153,27.9116,18.17,89,100,6.48,ZA,1685393584
484,goundam,16.4145,-3.6708,36.4,17,52,7.29,ML,1685393585
485,port augusta,-32.5,137.7667,12.66,88,89,0.62,AU,1685393585
486,mawlamyinegyunn,16.3833,95.2667,27.78,76,99,2.3,MM,1685393585
487,illizi,26.4833,8.4667,30.89,8,60,3.84,DZ,1685393585
488,mandalgovi,45.7625,106.2708,11.04,64,100,4.51,MN,1685393586
489,poronaysk,49.2167,143.1167,7.26,69,98,2.76,RU,1685393586
490,kayangel,8.0823,134.7173,28.88,77,86,4.28,PW,1685393586
491,ust-tsilma,65.441,52.1498,7.76,97,89,1.67,RU,1685393586
492,sitka,57.0531,-135.33,6.32,94,100,2.44,US,1685393587
493,pathein,16.7833,94.7333,27.57,79,94,2.72,MM,1685393587
494,rabo de peixe,37.8,-25.5833,17.73,77,20,3.6,PT,1685393587
495,pontianak,-0.0333,109.3333,24.99,100,20,0.51,ID,1685393588
496,coari,-4.085,-63.1414,28.35,74,100,0.64,BR,1685393588
497,severo-yeniseyskiy,60.3725,93.0408,6.28,74,15,1.42,RU,1685393589
498,tougue,11.4667,-11.6,28.58,41,82,2.07,GN,1685393589
499,kill devil hills,36.0307,-75.676,25.0,84,40,4.12,US,1685393589
500,uray,60.1247,64.7758,18.29,65,50,3.81,RU,1685393590
501,pazarlar,38.995,29.1258,12.97,91,77,1.84,TR,1685393595
502,tarakan,3.3,117.6333,26.78,83,100,2.53,ID,1685393596
503,sambava,-14.2667,50.1667,22.44,88,6,3.22,MG,1685393596
504,kapa'a,22.0752,-159.319,26.18,77,20,6.17,US,1685393596
505,eastham,41.8301,-69.9739,17.18,69,0,7.2,US,1685393597
506,alexandria,31.2156,29.9553,20.3,76,0,2.64,EG,1685393412
507,hadibu,12.65,54.0333,29.22,76,0,3.37,YE,1685393597
508,lyantonde,-0.4031,31.1572,17.06,92,16,1.42,UG,1685393597
509,mossendjo,-2.9506,12.7261,20.92,92,3,0.75,CG,1685393598
510,gaalkacyo,6.7697,47.4308,28.04,59,100,7.49,SO,1685393598
511,al hufuf,25.3646,49.5653,33.19,17,0,1.54,SA,1685393598
512,mar del plata,-38.0023,-57.5575,12.75,72,0,4.63,AR,1685393585
513,anloga,5.7947,0.8973,27.39,79,100,1.16,GH,1685393599
514,bodo,67.28,14.405,6.08,88,75,5.14,NO,1685393449
515,nogliki,51.8333,143.1667,3.42,89,100,7.92,RU,1685393599
516,priozersk,61.0393,30.1291,7.27,88,88,3.2,RU,1685393600
517,nanao,37.05,136.9667,18.48,97,89,2.44,JP,1685393600
518,robertsport,6.7533,-11.3686,27.84,79,100,3.85,LR,1685393600
519,chegdomyn,51.1167,133.0167,5.36,84,74,0.68,RU,1685393601
520,kabinda,-6.1333,24.4833,22.61,54,68,1.1,CD,1685393601
521,sakaiminato,35.55,133.2333,18.99,100,75,4.12,JP,1685393410
522,bohodukhiv,50.1647,35.5276,13.2,76,100,3.57,UA,1685393601
523,atasu,48.6814,71.6433,16.41,45,98,3.78,KZ,1685393602
524,tralee,52.2704,-9.7026,13.19,91,96,1.81,IE,1685393602
525,port hedland,-20.3167,118.5667,12.03,50,24,2.57,AU,1685393602
526,portland,45.5234,-122.6762,26.11,50,0,2.06,US,1685393397
527,pisco,-13.7,-76.2167,23.03,68,0,5.66,PE,1685393603
528,sweet home,44.3976,-122.7362,25.84,51,0,0.89,US,1685393603
529,corinth,37.9407,22.9573,18.27,70,7,0.39,GR,1685393603
530,wimpassing,48.1648,13.9863,17.77,57,40,3.6,AT,1685393604
531,afif,23.9065,42.9172,24.8,51,100,6.89,SA,1685393604
532,bubaque,11.2833,-15.8333,26.84,79,74,5.78,GW,1685393604
533,mikuni,36.2171,136.1519,16.95,96,100,4.19,JP,1685393605
534,cassilandia,-19.1133,-51.7342,22.55,68,88,2.77,BR,1685393605
535,jidong,45.2167,131.0833,10.0,74,60,2.17,CN,1685393605
536,latakia,35.5148,35.7768,20.1,84,2,3.77,SY,1685393599
537,nchelenge,-9.3451,28.734,22.16,64,78,1.65,ZM,1685393606
538,burlington,39.8835,-74.6413,23.94,57,20,8.75,US,1685393532
539,yekaterinoslavka,50.3734,129.1139,7.61,68,18,3.14,RU,1685393607
540,champerico,14.3,-91.9167,34.3,61,62,5.78,GT,1685393608
541,maun,-19.9833,23.4167,18.98,48,0,2.57,BW,1685393608
542,zeya,53.75,127.2667,8.78,71,97,0.99,RU,1685393609
543,goose creek,32.981,-80.0326,27.78,62,40,4.63,US,1685393138
544,cidreira,-30.1811,-50.2056,16.67,66,30,3.8,BR,1685393610
545,nadi,-17.8,177.4167,26.0,83,20,1.54,FJ,1685393392
546,doume,4.2333,13.45,21.3,94,82,0.9,CM,1685393610
547,barceloneta,18.4505,-66.5385,31.27,77,44,6.08,PR,1685393610
548,zacualtipan,20.65,-98.6,23.75,59,24,3.14,MX,1685393611
549,margate,51.3813,1.3862,11.06,78,67,5.81,GB,1685393611
550,yichun,47.7,128.9,6.51,76,45,0.78,CN,1685393611
551,katsuura,35.1333,140.3,19.01,95,100,4.06,JP,1685393612
552,tandil,-37.3217,-59.1332,10.94,77,100,3.14,AR,1685393612
553,starobaltachevo,56.0013,55.9213,12.31,73,0,2.2,RU,1685393612
554,lloydminster,53.2835,-110.0016,25.12,25,20,1.54,CA,1685393612
555,llerena,38.2354,-6.0739,13.69,70,65,3.51,ES,1685393613
556,palmas,-10.2128,-48.3603,32.93,46,20,1.54,BR,1685393543
557,rikaze,29.25,88.8833,10.04,45,0,1.66,CN,1685393613
558,bara uchana,29.4667,76.1667,25.78,61,83,2.8,IN,1685393614
559,carovigno,40.708,17.655,21.27,81,5,3.17,IT,1685393614
560,krasnokholm,51.5979,54.1567,23.16,32,95,4.21,RU,1685393614
561,novodvinsk,64.4165,40.8122,10.19,74,100,2.05,RU,1685393614
562,morden,49.1919,-98.1014,24.91,60,87,7.2,CA,1685393469
563,new norfolk,-42.7826,147.0587,13.17,65,100,1.34,AU,1685393615
564,palma soriano,20.2172,-75.9989,29.48,46,40,2.8,CU,1685393615
565,levuka,50.1834,-105.4011,23.85,43,75,3.09,CA,1685393615
566,klaksvik,62.2266,-6.589,9.51,80,4,5.46,FO,1685393616
567,saldanha,-33.0117,17.9442,12.03,94,100,6.12,ZA,1685393616
568,huarmey,-10.0681,-78.1522,24.09,74,14,5.13,PE,1685393616
569,jalai nur,49.45,117.7,10.42,43,1,2.08,CN,1685393617
570,medina,24.4686,39.6142,31.24,40,0,2.06,SA,1685393617
571,hobart,-42.8794,147.3294,13.36,73,75,1.03,AU,1685393617
572,chinde,26.8418,88.0763,18.83,65,0,2.44,NP,1685393618
573,magistral'nyy,56.1725,107.4458,5.41,92,76,1.4,RU,1685393618
574,uyskoye,54.3775,60.0047,17.75,61,90,1.88,RU,1685393618
575,pangody,65.85,74.4859,9.82,71,100,5.49,RU,1685393619
576,turkmenbasy,40.0222,52.9552,32.43,12,0,7.2,TM,1685393619
